index,O
1,1286.9087322170417
2,1221.1504511668784
3,1185.7496785731066
4,1241.9058742763655
5,1212.4295859940437
6,1198.5941126388584
7,1315.33708613601
8,1296.3446531476047
9,1186.1199369169149
10,1226.3466729999443
11,1130.1761682385047
12,1229.4499099856473
13,1227.732043169733
14,1243.528165867014
15,1196.1460558670235
16,1048.4997174842647
17,1084.3044109604357
18,1191.564215900591
19,1131.8786264943608
20,1240.4406721188716
21,1254.412177554667
22,1178.6188140304912
23,1153.2633190909548
24,1159.5379670695183
25,1284.2040459698917
26,1258.0429690330172
27,1118.7876969003855
28,1180.7863415853353
29,1216.8874099621232
30,1263.554713846063
31,1273.1323581996153
32,1105.2792334319565
33,1185.1889663892543
34,1180.606238197786
35,1236.9612875863268
36,1244.579417575539
37,1241.5161852252409
38,1287.170189916287
39,1140.5354523736378
40,1120.48250382745
41,1246.298679595437
42,1251.1353366936803
43,1198.6864876695824
44,1191.0282468637197
45,1126.1522291875651
46,1077.2998295637028
47,1200.2985894765095
48,1257.9366608577607
49,1242.497501853036
50,1075.1320858586548
51,1221.1346934671017
52,1151.0947761410964
53,1123.550405945343
54,1279.8716878326468
55,1206.940252483998
56,1145.345923494733
57,1172.6581324557892
58,1152.035246010588
59,1108.9355391063818
60,1256.3467026589003
61,1373.3517065257613
62,1298.7888154292086
63,1256.1314106074021
64,1293.5868469355605
65,1381.9734536259239
66,1474.4464619865546
67,1174.936832941929
68,1207.786903758542
69,1198.432641323389
70,1305.8704979022402
71,1180.9388350009297
72,1186.7506877474834
73,1064.9875344245315
74,1176.4525662449748
75,1191.3431251341094
76,1192.4109894060923
77,1222.9027964405554
78,1157.7789441243651
79,1306.8952580722373
80,1301.1899902105438
81,1208.5212351617724
82,1430.3564931107198
83,1189.7743745023204
84,1226.4509932230674
85,1216.0575519530532
86,1316.2145461263358
87,1277.8641912829696
88,1249.2728219101677
89,1250.1349822773313
90,1298.1917113541697
91,1178.5026265990666
92,1250.8949977642537
93,1281.9294639525117
94,1221.5417211759027
95,1186.934766919684
96,1255.3480411356816
97,1270.313119991546
98,1213.6407531127818
99,1168.6332102617148
100,1093.4544406271498
101,1150.045521168022
102,1251.0829565206916
103,1232.571191322027
104,1364.5120213962102
105,1209.0829910529083
106,1100.057912330622
107,1262.3772954210826
108,1178.3355966228228
109,1237.8860736177944
110,1329.2596379609863
111,1140.3023154626437
112,1237.2382383101087
113,1311.9492317143545
114,1123.8026740114287
115,1184.627867595724
116,1176.3032439846195
117,1246.096759363494
118,1183.2256657454461
119,1232.3715012467947
120,1234.8031054935436
121,1158.8030394277384
122,1192.9162296528177
123,1149.9630501536662
124,1306.6114996126469
125,1181.4083338349744
126,1165.3347106885155
127,1231.250669476281
128,1303.54213842217
129,1299.0975047217833
130,1190.18383713657
131,1169.7586693713563
132,1337.9364495022155
133,1198.165896092541
134,1288.0325981295439
135,1183.084870633717
136,1275.6862499622464
137,1175.5296491472513
138,1120.8032907060249
139,1264.8382709427322
140,1176.261989978868
141,1141.394559875256
142,1161.8115981427532
143,1326.2961165420904
144,1219.4937565805692
145,1149.9714169552426
146,1137.5802116748032
147,1185.365200624371
148,1151.7344745943092
149,1266.5708110257917
150,1291.0591712774851
151,1081.8400156774549
152,1103.3304629747454
153,1105.5238807394599
154,1195.619884093599
155,1170.8942978455525
156,1119.106538619862
157,1238.7375565512152
158,1298.3666624881412
159,1305.37325130172
160,1324.8255574261173
161,1250.4104351563833
162,1221.942414699896
163,1222.278055124709
164,1234.1068066584735
165,1175.7056888899026
166,1149.0673497914524
167,1269.1763195439494
168,1118.8376647774949
169,1201.616916950453
170,1226.2651766931338
171,1198.9417003648648
172,1232.9039304684525
173,1145.1256624870732
174,1212.5341018685644
175,1244.1138723987744
176,1270.124450713758
177,1156.0190492556424
178,1136.759662843142
179,1266.4993337891115
180,1246.6780634175143
181,1190.6439901154229
182,1200.218213839877
183,1133.4436387022035
184,1309.5179624503137
185,1206.3025021538388
186,1165.071206775101
187,1290.3687831492755
188,1338.8243322566689
189,1342.1628557326483
190,1245.1489752078035
191,1218.0179373001847
192,1221.7428403218892
193,1097.0233130093272
194,1226.2902018839864
195,1211.8988495163494
196,1209.9344096593243
197,1282.8423056769245
198,1237.457423662366
199,1052.77581095454
200,1246.5278120611065
201,1181.1219093403513
202,1222.5349894174892
203,1239.4731852387442
204,1185.4522680525677
205,1178.576077569173
206,1340.1018687968588
207,1280.161273409209
208,1129.551178448758
209,1118.6045724281805
210,1393.96083366112
211,1290.902855391253
212,1177.3604625164612
213,1174.3378146488571
214,1102.9775508421685
215,1237.4240618654399
216,1326.5998148693166
217,1190.674328809245
218,1171.9673270194282
219,1197.24157135071
220,1202.0089719957218
221,1233.9048506339375
222,1160.7350079221812
223,1173.6677716259533
224,1202.975690523254
225,1255.4523316840227
226,1220.5700183818947
227,1136.4117238819467
228,1092.438965217817
229,1109.0871735535786
230,1221.5359583535678
231,1244.009812277867
232,1234.8066859350715
233,1160.8821149802382
234,1232.715231882348
235,1288.131094157868
236,1299.6578026422096
237,1177.7304539371157
238,1204.0459002150826
239,1178.4154973412847
240,1232.338249171941
241,1168.7961746350227
242,1207.2510729039573
243,1293.5436376968291
244,1212.3957731934875
245,1160.9981830861936
246,1274.26247130774
247,1170.194193977564
248,1228.2721417639339
249,1214.711002557043
250,1204.593101032611
251,1092.3039264555596
252,1211.9818002594984
253,1180.741154717913
254,1067.5877706437607
255,1221.1425337386004
256,1170.4033557600417
257,1138.3639045952432
258,1190.3603451011202
259,1197.9999012396993
260,1249.177080201968
261,1155.1390049624565
262,1221.5330762908638
263,1363.143565932021
264,1033.0379466214706
265,1238.3961425482973
266,1280.8449101399233
267,1172.2091256958015
268,1257.5744099273766
269,1324.4762273473286
270,1150.430189300713
271,1279.0620527881895
272,1111.9177151992328
273,1262.6283790285504
274,1247.6359040260222
275,1161.1051156145234
276,1171.4801677223527
277,1210.0280128244142
278,1235.1070519586337
279,1256.332474619122
280,1161.8316813528081
281,1284.3053668248913
282,1162.003632426193
283,1253.2952263327688
284,1270.5724193942533
285,1304.169024733215
286,1133.5135348991219
287,1219.7815424603189
288,1281.669748868695
289,1285.1281243514463
290,1105.4356858587778
291,1326.6493909902729
292,1228.9284159482543
293,1255.7809858911994
294,1166.1247087954125
295,1141.8507309410686
296,1043.7204776472797
297,1198.274651202804
298,1175.4469848012836
299,1188.1685155390335
300,1332.5225513725577
301,1266.2937992968548
302,1266.0690174085025
303,1161.491462152871
304,1212.9494648635862
305,1176.223385384994
306,1122.1408825206665
307,1235.1812319675485
308,1273.7827120985223
309,1116.6844594712459
310,1167.47060802112
311,1275.2677182218665
312,1183.8964444748444
313,1261.5690570771162
314,1059.42132031423
315,1268.0562320709646
316,1251.7631134659098
317,1345.1932222662135
318,1168.492410996404
319,1377.5929636035098
320,1059.1584367479322
321,1178.434924350981
322,1177.3480500060155
323,1282.9182061419694
324,1214.6130060362918
325,1113.067370340444
326,1260.4929051918646
327,1160.346171865868
328,1214.724733219052
329,1237.790921093343
330,1160.0372831500108
331,1133.48794372541
332,1194.6936582258859
333,1112.8327391623327
334,1295.1515646085643
335,1206.620256421589
336,1261.0156616351628
337,1379.2135638717766
338,1260.3044050082628
339,1229.0434125544423
340,1210.330185536615
341,1285.537434941296
342,1192.135999268813
343,1099.6240179336953
344,1318.1340363562424
345,1235.3924271634849
346,1292.628304290646
347,1106.3177831280666
348,1363.0552461065704
349,1177.057481194944
350,1204.7722337116015
351,1292.418701402024
352,1151.4023156147728
353,1177.3390725318682
354,1166.1673272263795
355,1265.7671828629534
356,1089.2998386946347
357,1194.299025707477
358,1275.2366020586874
359,1174.6608583654438
360,1207.9714552347925
361,1156.4498864977759
362,1163.6563535021437
363,1222.9657554801006
364,1254.716017797389
365,1317.2074811087643
366,1175.695251952462
367,1126.7734980210419
368,1155.4857543180817
369,1297.053129010773
370,1228.6248524633265
371,1225.6108968877934
372,1203.220804248131
373,1190.5132070891736
374,1226.5877490987882
375,1148.541518958729
376,1270.7115736691637
377,1164.3045309963752
378,1179.9841673814299
379,1171.614463040169
380,1164.89395101533
381,1194.721717255254
382,1215.9042235913246
383,1265.4573469052075
384,1186.8630852531132
385,1296.9122834427226
386,1263.5384308996474
387,1267.5030429222936
388,1227.9825242699098
389,1128.9833538950243
390,1260.1871916277387
391,1228.701489512301
392,1266.321303379286
393,1050.9257699191899
394,1228.03754328669
395,1234.3247684149662
396,1365.245481899929
397,1221.6025975778334
398,1109.0959053958277
399,1300.262953295913
400,1232.7394011604974
401,1171.2725677303035
402,1304.104343812297
403,1263.5446640421692
404,1203.598362024491
405,1133.0700340999028
406,1127.0842657525059
407,1157.8251008151353
408,1218.1372170275793
409,1182.244973156495
410,1256.1108428038506
411,1243.4879134510031
412,1259.4321419039577
413,1322.8322734528851
414,1251.772874064926
415,1282.3612198024603
416,1276.60973970324
417,1136.4857683782268
418,1238.8262289306247
419,1318.4321598114861
420,1283.9810355169266
421,1180.6453220711724
422,1226.3628765115714
423,1297.284356667131
424,1288.529548294398
425,1210.6996656154263
426,1183.4449400181995
427,1295.186732650794
428,1205.5930213336148
429,1237.2702141053176
430,1256.2878016318577
431,1059.2131316795053
432,1239.655192342969
433,1125.8845001676225
434,1167.0482815646924
435,1132.0870679926188
436,1117.708876250693
437,1188.3163372049326
438,1170.323960427183
439,1130.6513611426114
440,1183.3328399475392
441,1165.8624500634423
442,1292.6681505049592
443,1119.9798304326218
444,1234.885251882635
445,1073.5438835462173
446,1187.9855050194465
447,1197.6107753211077
448,1243.162205178911
449,1256.8656093474187
450,1144.118661530984
451,1217.637506166841
452,1292.6569845023596
453,1163.7953556018567
454,1288.0867474694019
455,1269.6792891345692
456,1220.4456582120067
457,1274.2730382094617
458,1215.4309642498913
459,1290.7587662652534
460,1076.4286711702098
461,1301.4407314364735
462,1277.7797402406534
463,1220.891190783495
464,1271.7926533675075
465,1292.8830543599795
466,1167.8798017863878
467,1194.893260717382
468,1204.3797739050347
469,1268.820970754724
470,1222.911791545877
471,1247.2299874297428
472,1237.1992705079238
473,1194.3788547956738
474,1202.5832552438956
475,1216.0905846892829
476,1159.9380746279123
477,1251.5621495545888
478,1225.5668491360643
479,1161.7973675013895
480,1120.507604210404
481,1243.0169506506152
482,1176.593078517546
483,1218.8632234220395
484,1185.0747987012173
485,1204.0832432644079
486,1336.118911053247
487,1133.974091765756
488,1229.7057625252307
489,997.757727332059
490,1062.1400855993847
491,1164.1378383871918
492,1234.7289760131068
493,1243.2539711776149
494,1305.068616397645
495,1282.7617801990525
496,1185.5870401287198
497,1277.3150780716505
498,1184.4185465518244
499,1446.8152292850134
500,1129.4001887527807
501,1148.7936938180042
502,1132.4716486988752
503,1264.0071779984537
504,1124.3313227308656
505,1211.6721254587662
506,1291.3540175531082
507,1214.1004365446615
508,1212.6909668198211
509,1271.9517475948917
510,1125.114231037617
511,1197.4688606873478
512,1189.5440637276804
513,1271.5579391362085
514,1148.5913955867118
515,1322.295296197083
516,1161.7276323109415
517,1263.8975571945332
518,1188.7049923664483
519,1157.1754761752115
520,1167.0201770456977
521,1061.6026221497339
522,1227.353840543073
523,1254.2776355555
524,1269.3821797423982
525,1216.0146155188422
526,1275.606313248985
527,1274.1392508768822
528,1179.2405566918005
529,1240.7444227600286
530,1284.443323240586
531,1226.3481631071163
532,1316.2269013332927
533,1327.1759559856357
534,1201.1832881580233
535,1205.4504929982932
536,1149.7645337497145
537,1119.670153137173
538,1352.5578746336178
539,1186.4945710790787
540,1201.1007575965577
541,1204.0845921949576
542,1211.9363448057354
543,1231.041407764347
544,1218.6916123210449
545,1214.137224398447
546,1247.820464557442
547,1276.9335271320053
548,1164.5061270452964
549,1260.73421525747
550,1255.4174236753747
551,1209.97616015125
552,1215.2235460604343
553,1079.5597405274004
554,1292.6361527458198
555,1357.1628642905875
556,1115.435971794329
557,1060.6893321928653
558,1209.0932763608644
559,1288.479604999635
560,1281.3111614152917
561,1175.2323900093454
562,1093.7471455081422
563,1233.7478114908995
564,1145.8255911338874
565,1284.9745504210466
566,1306.6915570332162
567,1381.0416262228114
568,1157.0283816333213
569,1109.133358726818
570,1093.7518308957042
571,1211.2971242220858
572,1244.7710272646946
573,1200.591248823849
574,1303.1139470331934
575,1230.4745185733452
576,1252.6685803818743
577,1197.0555387385677
578,1205.7893640191483
579,1254.6778041461603
580,1128.51501490455
581,1291.1779021925533
582,1180.0802837580711
583,1173.05152035951
584,1159.4666114164604
585,1221.6487520580154
586,1098.4330164905837
587,1205.198151500516
588,1215.7692647448844
589,1160.6221636040086
590,1132.9661944694014
591,1171.7661541779441
592,1188.1325804399717
593,1205.011852485872
594,1129.3493708003978
595,1303.7610161391467
596,1221.3379745240716
597,1285.6598688266827
598,1212.320703306674
599,1222.7213686837238
600,1174.0740682178998
601,1132.3470746611981
602,1254.1218108283274
603,1198.3033588953765
604,1161.4558813581614
605,1231.5423136881884
606,1112.5110635497308
607,1284.3046252664303
608,1092.6448198819414
609,1216.4765713089764
610,1156.2517458839677
611,1314.7800897879617
612,1307.0119788279421
613,1242.0380153336191
614,1181.1372823742029
615,1266.0316511177211
616,1296.0195552466228
617,1219.6371346263531
618,1226.5356689191267
619,1228.8246430194565
620,1243.6471913579207
621,1261.3201641662915
622,1360.579465328617
623,1127.834338850106
624,1263.5865408091074
625,1159.8950129875363
626,1164.7024058412812
627,1185.9296367592215
628,1205.859258696221
629,1198.489270698957
630,1266.554291501684
631,1202.5147903651452
632,1201.0284934451906
633,1231.873355018326
634,1220.578032638746
635,1315.0609739712745
636,1319.8800296038285
637,1204.5275083336255
638,1252.5029317654166
639,1286.6092352486953
640,1243.4479193100801
641,1131.8921013793868
642,1194.9700526980896
643,1153.5770097388427
644,1198.436572596245
645,1226.1563076078942
646,1144.210878036839
647,1192.0761216012133
648,1297.5034757136505
649,1293.0805203000639
650,1078.1123653532468
651,1279.3040707739692
652,1197.6958604175127
653,1232.1354973226144
654,1232.4605938584339
655,1286.1857152081272
656,1234.03949217725
657,1258.9377710834904
658,1112.8737528631127
659,1113.9485050080257
660,1275.9267904625824
661,1215.42659324985
662,1117.724556794353
663,1228.6930346979825
664,1304.7177703804616
665,1276.8813903128341
666,1238.7684000297352
667,1279.8286934932883
668,1235.305190041934
669,1249.0354212978202
670,1358.6178212095085
671,1095.9646078599972
672,1238.8835030824034
673,1283.8366129367928
674,1150.045266669645
675,1280.037726185973
676,1290.425987906268
677,1178.8475973121956
678,1142.1078833256836
679,1158.615970356333
680,1131.3484198809867
681,1212.9022583307997
682,1251.0043980472349
683,1153.8900413815177
684,1139.943833993916
685,1269.1452937415254
686,1224.1814624007366
687,1375.0822877431679
688,1277.4261379693219
689,1236.1528234815953
690,1299.3928982738207
691,1258.3452234310234
692,1213.976408773071
693,1271.5115594784472
694,1268.6988794372637
695,1205.9709790879733
696,1306.2667970608622
697,1335.6359350705243
698,1286.4669809562215
699,1154.7399365419276
700,1120.3619726629206
701,1160.9335075191505
702,1246.2379785632454
703,1183.723459488377
704,1193.2993487128451
705,1130.726862967601
706,1223.0718252220368
707,1244.0695640386127
708,1140.95719350191
709,1287.2421162288415
710,1148.2815763550568
711,1283.9739182488859
712,1153.013715226578
713,1148.1529876440839
714,1186.454594337988
715,1243.7368799496846
716,1260.2215094926944
717,1080.6959237100077
718,1229.3899857594179
719,1186.2512206812796
720,1379.4716949942078
721,1178.4329571835071
722,1360.5780670192285
723,1090.9301847642876
724,1145.5794988521616
725,1271.5061872374347
726,1118.739402063277
727,1160.679497989423
728,1252.1149275273106
729,1242.6254073393054
730,1144.0070935958634
731,1225.5875957809112
732,1271.016072701033
733,1246.8904768587554
734,1154.4013867315634
735,1187.345100650735
736,1191.0514365684162
737,1192.3347733942894
738,1248.2269413284687
739,1200.7195124635582
740,1259.0599650345516
741,1256.9584165680901
742,1242.062212370613
743,1192.7700350880882
744,1150.5839675957343
745,1245.2700813659903
746,1256.3597045676129
747,1233.690505571336
748,1348.245374548189
749,1118.2620810598005
750,1203.3351931796808
751,1219.55458173524
752,1334.414129699737
753,1163.4480908083094
754,1194.663707854551
755,1264.249646668785
756,1235.765132528772
757,1253.127638666104
758,1220.0734511371693
759,1264.260339550018
760,1273.699020747506
761,1244.6912772758444
762,1233.741983263767
763,1186.9144526749349
764,1241.7603648228896
765,1176.6194071402815
766,1280.8800493488231
767,1205.8099543970188
768,1233.0712094218893
769,1249.8711661578834
770,1175.5162255824725
771,1218.4241587916279
772,1330.7170243092803
773,1157.8976384969644
774,1331.4986768533436
775,1240.9959612637454
776,1344.0118408645249
777,1221.1693389666582
778,1195.2241832795767
779,1190.8025505075968
780,1261.1672999115049
781,1250.1482006362387
782,1276.7175336926243
783,1343.7751927405911
784,1191.908684462003
785,1088.5386195006038
786,1127.0429770358046
787,1271.9497647064402
788,1194.732557361454
789,1144.3634715804155
790,1150.8314320218662
791,1253.4320936967345
792,1391.2416491704487
793,1259.5767928883251
794,1158.7033597788566
795,1187.3786627945722
796,1117.245591106978
797,1203.5468873153727
798,1274.547965845892
799,1243.8887317791148
800,1211.0839496957408
801,1223.2372254660452
802,1354.4199202334703
803,1216.1786497305484
804,1205.50407207218
805,1225.094974843244
806,1112.2067568393186
807,1272.5025434625388
808,1154.9074135585645
809,1298.7089118160504
810,1171.2437109568175
811,1135.9647826814016
812,1096.612340702542
813,1164.8981085315204
814,1171.7188276113204
815,1316.9688348759041
816,1275.9217812772133
817,1194.0019792106643
818,1221.0001256863336
819,1242.787299089027
820,1110.6019163763526
821,1221.237790111905
822,1183.1066833015418
823,1174.4853329122907
824,1327.66992872678
825,1260.8797877564052
826,1202.1575345845197
827,1086.9047225054287
828,1266.4474503519123
829,1216.3498817919972
830,1323.427083010183
831,1210.7749957938352
832,1233.0671254515107
833,1205.2388699888836
834,1192.296769851833
835,1195.912982899403
836,1122.988351834729
837,1218.758478619566
838,1301.074636421885
839,1161.7606186833266
840,1198.373595171486
841,1187.616757494799
842,1254.9550124424802
843,1276.0788524797983
844,1149.1490159194675
845,1238.421976130535
846,1256.568148003615
847,1281.1915144039403
848,1254.815605724105
849,1187.8966733920206
850,1061.185358801904
851,1188.3590258779848
852,1213.1515730067276
853,1139.5747869221846
854,1135.8757358942587
855,1207.7520988884437
856,1177.1125143559748
857,1251.2368934680642
858,1320.8843215147986
859,1221.6958974048766
860,1214.7057126011866
861,1143.1182664012163
862,1174.941686175948
863,1287.4911687853328
864,1278.1938971208592
865,1210.490443245945
866,1162.8462505596792
867,1174.5984463793752
868,1160.4073507665769
869,1188.2697221480064
870,1186.657298071849
871,1269.9188173226694
872,1242.1048669375655
873,1166.1310061822676
874,1260.3105382278334
875,1191.0575150685204
876,1239.7450791495442
877,1146.3883111837558
878,1125.310335585542
879,1281.9429643988553
880,1182.1200751034967
881,1102.7633834043613
882,1062.9949069064373
883,1292.4309498145863
884,1134.8787960065922
885,1071.3409135558952
886,1294.2834704808995
887,1308.4008014616816
888,1206.4401308873898
889,1220.713635800043
890,1116.3526928510184
891,1159.0917253528573
892,1386.1721783880985
893,1261.915436360133
894,1239.6337396215824
895,1157.8154700631242
896,1139.5525333103799
897,1288.557336844741
898,1058.8113176448105
899,1257.6293655961763
900,1201.3964752925774
901,1178.9303669726855
902,1189.5947909031945
903,1287.2728854330112
904,1233.5954889670263
905,1350.7238888483234
906,1168.395181482888
907,1204.0947256435945
908,1240.6794304149585
909,1314.2900671226398
910,1168.577785693901
911,1352.634881833982
912,1284.545548348683
913,1154.3398956107123
914,1245.3668800000353
915,1194.7283040502741
916,1181.6524460794965
917,1222.0996627756479
918,1060.1772213432546
919,1106.7984241664537
920,1173.1968400942803
921,1274.7762663499557
922,1198.7837865564713
923,1174.5112077179565
924,1149.711038401786
925,1200.523838309921
926,1283.5702092119989
927,1219.8757013481422
928,1251.889754162025
929,1212.002268918457
930,1283.0906490936127
931,1197.8525501136717
932,1139.50003204937
933,1118.9155370119056
934,1357.1601218231626
935,1167.6286267687158
936,1312.8409265526864
937,1120.1542956340104
938,1196.4203087300261
939,1182.6242712815874
940,1173.5028744724686
941,1184.2496264785868
942,1358.0590592681542
943,1154.3293656709266
944,1229.8531948867837
945,1164.449055989963
946,1300.799486243704
947,1132.5034133175523
948,1264.395732002882
949,1187.2161663935835
950,1213.8846976600632
951,1139.8990536336696
952,1265.0806412952295
953,1101.4478232073816
954,1204.0392116887174
955,1274.8422722793887
956,1336.417843655134
957,1282.7297080348794
958,1213.5682558182325
959,1303.1561499357535
960,1141.1012934348068
961,1191.7369563909208
962,1217.1284051945368
963,1067.0323781694883
964,1209.9814737104423
965,1200.0392842165975
966,1154.0330959975422
967,1306.1423729128524
968,1181.3436553111846
969,1240.6623813942342
970,1172.3008840480861
971,1291.945148464334
972,1289.320366565065
973,1119.4344622474384
974,1125.9112854410046
975,1188.8778679078948
976,1256.96363460741
977,1210.0099794279067
978,1160.2767948088826
979,1285.919382276303
980,1239.9854435198213
981,1209.4688285283523
982,1107.008918358617
983,1262.709474412417
984,1163.5491718070339
985,1203.0435125142153
986,1239.8994375046027
987,1174.0105451666766
988,1220.1013670661762
989,1212.0467340507948
990,1216.0803704924797
991,1304.4776493623829
992,1142.7645988252827
993,1350.1647750328673
994,1256.6570698470198
995,1235.691513263232
996,1287.9215777674412
997,1245.0221305511814
998,1125.9929945930387
999,1203.8194587659898
1000,1164.8938158633644
1001,1145.7531735619539
1002,1317.1426882730525
1003,1099.409499490102
1004,1166.7041198442096
1005,1166.5958527363857
1006,1184.745560573006
1007,1148.1690078883753
1008,1189.8852133754742
1009,1163.5547650154458
1010,1265.9898855179931
1011,1341.0244642521916
1012,1220.2653077560053
1013,1285.5747600292257
1014,1176.697932911002
1015,1226.3038776040223
1016,1098.1272327299503
1017,1191.004030642953
1018,1268.4471862791686
1019,1296.8490965758792
1020,1247.8009540089963
1021,1287.208618853052
1022,1253.0993168932048
1023,1331.9043175606978
1024,1275.7495694238783
1025,1238.302552686521
1026,1299.3099394043466
1027,1288.3770060411157
1028,1199.0806441866469
1029,1333.2821593090514
1030,1238.7370953528286
1031,1210.1765787101917
1032,1240.4521470094974
1033,1228.0002430718137
1034,1283.6376489313277
1035,1279.1032179565216
1036,1180.8076910401787
1037,1278.2888867327752
1038,1045.5236586149565
1039,1193.604854062859
1040,1110.234371700725
1041,1255.1890516768976
1042,1158.2374172543568
1043,1176.3264279594155
1044,1297.5198135300193
1045,1321.1866090265992
1046,1199.0014859516223
1047,1371.7537977814725
1048,1175.4683127923624
1049,1347.471391529807
1050,1186.4274620787326
1051,1223.295004319376
1052,1182.2666026080442
1053,1261.3912097015993
1054,1263.2581162772317
1055,1219.939244027933
1056,1213.0213554860816
1057,1182.0337839294127
1058,1175.7903875253892
1059,1315.1592090599636
1060,1330.904666821099
1061,1223.8788362192913
1062,1168.84757034468
1063,1152.4897307558342
1064,1161.2926456200646
1065,1201.3366775237844
1066,1133.7008803239255
1067,1179.031757044691
1068,1224.3535982704032
1069,1155.3089450605084
1070,1239.2752777351043
1071,1162.4553725373191
1072,1116.991949835392
1073,1182.0306743325334
1074,1249.2896668009867
1075,1174.2639893983785
1076,1169.0203537174082
1077,1280.4816261179424
1078,1287.4916089621502
1079,1129.8500612186187
1080,1183.264937620953
1081,1150.9891682255088
1082,1128.965466695737
1083,1287.8689274324404
1084,1151.4732646621692
1085,1135.7809529619315
1086,1166.5976493663238
1087,1283.3583625046565
1088,1172.5658419253414
1089,1280.125088038292
1090,1263.7454290150001
1091,1079.005036368907
1092,1208.9682496243936
1093,1212.4160928799092
1094,1213.13837045502
1095,1146.0507118389025
1096,1249.1101943368647
1097,1179.485052593195
1098,1235.0915059234133
1099,1258.110456869426
1100,1202.6122788727062
1101,1246.54562203087
1102,1181.262262979297
1103,1260.6304527762709
1104,1231.7536267614212
1105,1122.903462401125
1106,1194.3777182287035
1107,1222.8036297453962
1108,1132.4750928283509
1109,1255.7648537546418
1110,1152.4619234501322
1111,1282.8337132426595
1112,1193.9780900764013
1113,1153.4148923292532
1114,1231.3665360137582
1115,1191.4703570187423
1116,1137.5477584528858
1117,1205.9937169979942
1118,1254.8642985495303
1119,1110.8156104061843
1120,1160.298072683379
1121,1237.0202662142544
1122,1096.8376406154675
1123,1207.5698892542166
1124,1245.43574641071
1125,1320.8414961598262
1126,1212.2935811954887
1127,1210.9782376825328
1128,1178.8304726027168
1129,1203.0809385159978
1130,1238.501325163685
1131,1355.460942251728
1132,1208.1216704107483
1133,1204.4622106432448
1134,1099.616539173824
1135,1172.0216641149334
1136,1069.254653981363
1137,1235.8064349623187
1138,1229.4027157280307
1139,1151.3958790749782
1140,1242.668662197618
1141,1188.012736016896
1142,1186.2025787818486
1143,1200.0841937732519
1144,1208.9597426852345
1145,1131.2166048842928
1146,1185.7248504228303
1147,1251.2957512675234
1148,1123.6589395243138
1149,1255.9155200498114
1150,1232.3306855283377
1151,1217.242911015015
1152,1320.5333154545633
1153,1238.9050883899163
1154,1253.0880094164368
1155,1285.2463284396254
1156,1232.6569872077778
1157,1261.9589347298318
1158,1177.547676162626
1159,1323.0485727126404
1160,1192.576884501102
1161,1331.5356843366424
1162,1212.2213746681857
1163,1313.3219132902002
1164,1237.5571080918226
1165,1181.4010324158987
1166,1288.4822351497967
1167,1280.555064842986
1168,1209.6186587653528
1169,1280.462894023457
1170,1173.3337355204794
1171,1162.039305585168
1172,1206.4745418546345
1173,1278.6368463278056
1174,1274.325462956651
1175,1176.8233860691998
1176,1185.8838979888951
1177,1194.334030549515
1178,1236.6958516443667
1179,1288.14322794402
1180,1143.9916101671972
1181,1173.2411660577595
1182,1241.784296521056
1183,1082.9102006149121
1184,1176.5628909898035
1185,1167.5402898334398
1186,1122.744194683293
1187,1180.7974233370308
1188,1174.8519774692559
1189,1405.9656531076744
1190,1295.76767503602
1191,1288.7516693594105
1192,1258.3032388898148
1193,1309.0249832655736
1194,1219.843219890135
1195,1139.4384250672235
1196,1241.2497623242364
1197,1249.0691291618857
1198,1144.4789799723026
1199,1174.329488721123
1200,1210.96489299865
1201,1210.636425590085
1202,1242.266809034121
1203,1195.3739530921932
1204,1347.4277412649749
1205,1314.4402526911758
1206,1205.500716250532
1207,1267.0171157415434
1208,1232.065178965764
1209,1356.92555410481
1210,1248.1016995698342
1211,1233.5209906211694
1212,1144.569921528325
1213,1193.6837167658355
1214,1144.7473790124004
1215,1130.5404515198124
1216,1186.9093369617347
1217,1344.6846752968695
1218,1165.1018632209095
1219,1205.3589186623915
1220,1220.3343964730634
1221,1244.1983918123547
1222,1191.3472396134803
1223,1353.2147107132982
1224,1111.1966139659744
1225,1248.425312439949
1226,1134.9285096738517
1227,1291.8479201327877
1228,1167.7557288643486
1229,1144.1190707976882
1230,1193.3691133460557
1231,1264.4295163077763
1232,1115.7430975052562
1233,1188.897042085788
1234,1265.1225171369913
1235,1233.9435153261677
1236,1169.4798484057421
1237,1235.00746456797
1238,1223.5433302255653
1239,1249.0386194327375
1240,1156.1902629895344
1241,1289.559401890651
1242,1233.6158609381703
1243,1169.5777642158525
1244,1275.597546881547
1245,1154.9589061879155
1246,1206.2209671408973
1247,1212.8846996260963
1248,1192.2300454716724
1249,1180.2451784604307
1250,1137.9400256241706
1251,1311.4635038698286
1252,1102.1460014148493
1253,1297.7507657298197
1254,1113.9597574846289
1255,1116.0142906991045
1256,1201.0908935937953
1257,1241.8982112784797
1258,1229.9571061357567
1259,1121.1147088015732
1260,1203.0513559065614
1261,1249.04555891588
1262,1216.6291178082242
1263,1123.0702131148637
1264,1145.555400368926
1265,1132.2971496088226
1266,1220.8545115098073
1267,1223.3842612979406
1268,1286.4659839815142
1269,1221.2728813167596
1270,1238.6283060601527
1271,1233.0149850817627
1272,1200.6686358952738
1273,1272.518862331976
1274,1209.8541545347393
1275,1167.0388529102174
1276,1191.532030150197
1277,1092.280828723609
1278,1264.9317158532579
1279,1067.413372654287
1280,1132.600904039933
1281,1176.0385902289477
1282,1265.6242571753062
1283,1251.9736213963115
1284,1069.6320855705987
1285,1197.5018013587292
1286,1205.4325079261164
1287,1394.8339441668088
1288,1189.4800182050349
1289,1260.2765486328196
1290,1101.759817740974
1291,1106.0642217636896
1292,1318.3258212530536
1293,1255.1698978203112
1294,1318.638879184819
1295,1213.886819855679
1296,1257.0673274619835
1297,1071.1280925987505
1298,1158.1557261642008
1299,1256.7998082631586
1300,1243.1993898089029
1301,1156.1487315429974
1302,1234.5579515071295
1303,1257.2125924862492
1304,1179.5719507224512
1305,1141.7269737896104
1306,1320.6811836238755
1307,1222.3110018344507
1308,1248.2802785569581
1309,1193.5136166046495
1310,1129.573280101076
1311,1258.16052028723
1312,1334.9668785009324
1313,1312.0213382930608
1314,1263.1513144524097
1315,1200.0683326746
1316,1118.238615740109
1317,1204.1676268559222
1318,1208.731987318576
1319,1224.1528517051015
1320,1392.188424884091
1321,1133.8457725487808
1322,1229.2661219991983
1323,1248.0176230298428
1324,1138.6699066720912
1325,1157.6853846129457
1326,1217.6988426220296
1327,1253.9086206548714
1328,1288.6350745909313
1329,1225.444645492244
1330,1110.855901475415
1331,1223.6386064977269
1332,1336.159854040669
1333,1138.344722741822
1334,1173.7959412482683
1335,1131.5897627241227
1336,1220.2375097817603
1337,1184.566508835289
1338,1153.5217730612117
1339,1153.2059641784815
1340,1189.8978555839037
1341,1279.235058987406
1342,1154.5679124615913
1343,1273.588742058968
1344,1303.64850323422
1345,1344.3862351903565
1346,1172.010877737092
1347,1152.8676213598965
1348,1171.9740008910574
1349,1116.169883171158
1350,1225.2478170072711
1351,1093.148145070405
1352,1280.0627775840314
1353,1213.5141382524623
1354,1203.2001381388993
1355,1239.442575536715
1356,1161.6239547107455
1357,1262.302449600327
1358,1208.7417472520563
1359,1368.2279122035802
1360,1324.1790056553968
1361,1353.9850589953762
1362,1262.2651808045684
1363,1179.2908818119524
1364,1176.689907226746
1365,1275.7531084711104
1366,1146.2629848570361
1367,1286.729062604556
1368,1233.1453496900797
1369,1216.1909974719208
1370,1185.7471534442386
1371,1243.1533584220124
1372,1287.554371974401
1373,1247.6356781927925
1374,1211.6174379753004
1375,1212.3004256447643
1376,1266.7650579669469
1377,1191.1442819569613
1378,1164.269561613755
1379,1159.7013023625166
1380,1268.4148477139327
1381,1284.32474285287
1382,1185.5251293259748
1383,1256.9551600367308
1384,1233.6497934735146
1385,1160.8746210926895
1386,1248.4906138797055
1387,1222.7351103400013
1388,1235.425812142409
1389,1184.699962440987
1390,1160.3802636514852
1391,1284.1952040937906
1392,1287.6906980802419
1393,1217.106786771411
1394,1221.830227163551
1395,1240.789896944696
1396,1144.3666233851761
1397,1345.5854937758922
1398,1140.714403022707
1399,1258.7876279179327
1400,1135.8389442625823
1401,1357.6800393670896
1402,1253.4025023469494
1403,1238.8169243061523
1404,1101.1370217071876
1405,1233.1625802566034
1406,1193.6727642448543
1407,1338.5475317511516
1408,1218.7262980549606
1409,1168.3594055781061
1410,1124.1967243113386
1411,1332.274865493339
1412,1134.388078740849
1413,1155.202299830627
1414,1138.4354131853347
1415,1187.620947083116
1416,1310.1608374615012
1417,1298.3167546388845
1418,1286.6573159737131
1419,1146.395807751689
1420,1125.486565896087
1421,1218.5177030107204
1422,1155.445728027265
1423,1275.8216407126358
1424,1086.8160042333222
1425,1224.0670339658382
1426,1149.4626074046164
1427,1195.6902043453013
1428,1094.4346510229436
1429,1254.3417274987328
1430,1116.0324803180897
1431,1143.5781279893902
1432,1203.4659778886905
1433,1278.6954936742122
1434,1135.508130932399
1435,1221.9069756468614
1436,1098.813187815135
1437,1327.4272612879347
1438,1311.6080901333983
1439,1111.753226116898
1440,1094.7715117602754
1441,1292.0150511238835
1442,1153.9689156326665
1443,1264.5328567903766
1444,1219.3129051694061
1445,1257.6343106118024
1446,1157.5717094101778
1447,1203.156860019232
1448,1203.0293514454727
1449,1156.137508136442
1450,1203.6526769288246
1451,1140.9420586425213
1452,1126.0867069194346
1453,1212.1617178987829
1454,1230.1549781117467
1455,1428.3076810695877
1456,1218.449934321442
1457,1185.2592287752022
1458,1170.7890252980158
1459,1042.8096347923793
1460,1149.2703964305865
1461,1298.897928098522
1462,1235.852211557174
1463,1217.7159730556057
1464,1198.8693234954271
1465,1219.6621181131775
1466,1256.6203314354218
1467,1250.388390399973
1468,1189.9446891580558
1469,1300.283396625887
1470,1264.4890789005958
1471,1194.4234938510556
1472,1209.168881233824
1473,1124.6742272385186
1474,1277.8822631367436
1475,1262.4911486695507
1476,1109.1559252647855
1477,1033.305164853016
1478,1317.118009219044
1479,1241.1892862525845
1480,1225.6759605506534
1481,1210.3648014086498
1482,1273.9094349229113
1483,1203.3846705224778
1484,1319.795738274649
1485,1262.858881624011
1486,1172.8760755104752
1487,1340.677767258623
1488,1340.9046501156963
1489,1293.5998874560519
1490,1098.5038478364356
1491,1216.5203379993159
1492,1124.4387935684579
1493,1190.9384762590864
1494,1182.5198539915798
1495,1321.5156282437094
1496,1231.1606788665847
1497,1287.7976529055381
1498,1120.7484004360558
1499,1149.7874622392474
1500,1201.6761533171116
1501,1112.9672997067155
1502,1239.934893527242
1503,1195.7989571226296
1504,1204.9384454509875
1505,1344.0820550337946
1506,1186.3964722797805
1507,1342.7499887984598
1508,1234.8109134321317
1509,1186.759080167231
1510,1138.5321008349356
1511,1181.9168779811669
1512,1204.8210639150461
1513,1222.860881156259
1514,1184.8939971010723
1515,1197.2371741119878
1516,1243.0777684257127
1517,1222.9882159423285
1518,1197.3704999262443
1519,1224.460230200746
1520,1305.6979848015064
1521,1278.0758397278958
1522,1261.97227528539
1523,1146.0221779470812
1524,1297.0200222902813
1525,1145.255880758306
1526,1435.962469176577
1527,1297.0158380143214
1528,1231.7372053633746
1529,1148.0608449641827
1530,1139.531053466719
1531,1183.2950170860863
1532,1198.6813584035356
1533,1352.5505350744927
1534,1269.6399581887938
1535,1116.04310711384
1536,1224.6747355570917
1537,1012.868801220283
1538,1130.6540098953615
1539,1154.7331209156432
1540,1184.9740942793903
1541,1214.4235782369274
1542,1160.5235293886706
1543,1255.9357976645513
1544,1346.9932481010928
1545,1224.4816721327425
1546,1126.5106542270987
1547,1399.0335426087154
1548,1152.7649994443873
1549,1161.6134630373524
1550,1164.3099800216341
1551,1320.354084683158
1552,1111.0920478910157
1553,1321.5734662995606
1554,1163.0467699398487
1555,1243.5009642320595
1556,1281.5226001652347
1557,1232.7058967627684
1558,1138.44497687563
1559,1314.755156811905
1560,1228.0080860868818
1561,1238.1546750037676
1562,1239.5709372795131
1563,1312.624179198583
1564,1185.247514889944
1565,1208.3477317074328
1566,1223.985432735427
1567,1226.8948341715648
1568,1236.198990866287
1569,1225.5004375716346
1570,1274.0700999383112
1571,1266.5473892294165
1572,1290.924674359925
1573,1291.448771813958
1574,1223.5706967684366
1575,1154.7636502720848
1576,1208.3515153173641
1577,1269.2586835438499
1578,1247.346001740528
1579,1234.3449867136599
1580,1301.8069717764204
1581,1314.5717179280732
1582,1184.4410189260263
1583,1146.3325451058956
1584,1228.0454385368885
1585,1257.070410570211
1586,1141.9466862557765
1587,1153.6055738362943
1588,1223.2200225846138
1589,1251.9922166388885
1590,1255.4034042344642
1591,1124.4204283040367
1592,1274.324827388264
1593,1198.6965500297515
1594,1163.1663884251461
1595,1188.3077443784568
1596,1096.3929384374096
1597,1033.5456802431604
1598,1154.3061776352608
1599,1173.8224061413484
1600,1266.4994997713743
1601,1313.0644540698522
1602,1262.4517485694769
1603,1275.561261853591
1604,1184.2375854094596
1605,1143.4729701750907
1606,1133.034159932542
1607,1324.0370437453553
1608,1281.359625508689
1609,1255.0618410658267
1610,1067.2984430549627
1611,1227.917216584421
1612,1363.4885791643742
1613,1171.5445311835238
1614,1239.2491121886796
1615,1148.7633593287824
1616,1254.306561735662
1617,1236.9146491787485
1618,1267.3745417397233
1619,1225.2033879705546
1620,1240.2562153104989
1621,1192.710396227889
1622,1148.7572627319882
1623,1095.3995301086766
1624,1114.0087552275372
1625,1154.2511165302246
1626,1253.8626601627918
1627,1182.2258628134846
1628,1128.3138514553252
1629,1097.481883152378
1630,1183.2867290347117
1631,1093.7814015993295
1632,1237.386412716431
1633,1303.7423394844247
1634,1215.9095030424673
1635,1318.8541276995634
1636,1178.2257773486365
1637,1160.267432121602
1638,1119.375494586736
1639,1237.23800661161
1640,1288.30374857823
1641,1362.7196910730156
1642,1086.6873655572463
1643,1211.120689273051
1644,1225.1525574297616
1645,1194.0712340636182
1646,1149.06517638421
1647,1203.142423489389
1648,1192.2687334894354
1649,1216.276993043298
1650,1265.9230176750484
1651,1255.0364490260029
1652,1132.6937895590793
1653,1177.1468916628257
1654,1270.7538786419423
1655,1106.1849528868395
1656,1297.3024148059767
1657,1239.3109878828886
1658,1227.512083547275
1659,1182.3327344257575
1660,1066.3034100946384
1661,1144.21632461583
1662,1230.4033787371684
1663,1327.5973764966666
1664,1173.383969882395
1665,1193.010344656425
1666,1330.5827330359134
1667,1267.1509704216187
1668,1294.2749599383299
1669,1347.4233325370158
1670,1144.9058573848333
1671,1193.0377217926875
1672,1246.7096812637108
1673,1287.1514389349438
1674,1251.1032444170621
1675,1164.2468591811516
1676,1146.4952550950195
1677,1282.4647187256583
1678,1171.6300796266917
1679,1270.2224373163908
1680,1230.604952365789
1681,1171.9266960192047
1682,1211.0199259997269
1683,1233.833799312872
1684,1239.1922378723455
1685,1204.2458639420197
1686,1250.2175395795678
1687,1092.8243300144688
1688,1340.0278227208619
1689,1134.133529881159
1690,1341.2897137660548
1691,1160.1774776857353
1692,1230.1601908117611
1693,1236.5097380134262
1694,1155.181064654796
1695,1306.442677686505
1696,1313.3063610658012
1697,1146.8664839503776
1698,1216.1123423719268
1699,1224.0901966745228
1700,1161.1351353244677
1701,1131.9131713312572
1702,1159.112144988245
1703,1171.9711140496668
1704,1220.960369704889
1705,1191.169763148594
1706,1222.7230721085075
1707,1127.2541229109538
1708,1229.7017239436993
1709,1258.7662189862986
1710,1267.6887850485666
1711,1335.8978325813955
1712,1269.7307158793953
1713,1220.0539807919552
1714,1204.6935453824053
1715,1182.3188779681686
1716,1171.0609618559338
1717,1252.2154728143082
1718,1121.4368531063815
1719,1203.8865685487146
1720,1202.1572479039214
1721,1320.2720258434817
1722,1197.1085890720515
1723,1192.6431434327274
1724,1137.7244287035496
1725,1159.2222714728348
1726,1188.730106703436
1727,1242.1453114213684
1728,1166.4248444744915
1729,1228.2834987350975
1730,1202.860054702594
1731,1217.4842521120377
1732,1211.3185393446745
1733,1206.6250786068404
1734,1126.1958474297755
1735,1213.9270375993142
1736,1232.206721491756
1737,1269.8642915856303
1738,1181.0923090902668
1739,1171.3601744315165
1740,1200.4888034564192
1741,1151.643143026025
1742,1221.733218636232
1743,1185.3239797519827
1744,1210.0110312157026
1745,1245.3712129356509
1746,1221.516082207418
1747,1165.85794012399
1748,1238.3686802409984
1749,1234.2542160574305
1750,1253.6898512324374
1751,1227.374995753632
1752,1236.2556696217812
1753,1254.7993563445275
1754,1174.4635003860808
1755,1219.0640164925094
1756,1190.164120222748
1757,1171.2963506470928
1758,1272.6905068679625
1759,1196.0999352889623
1760,1261.7177050399307
1761,1248.9390992360618
1762,1289.6127803993663
1763,1292.1397125279573
1764,1236.2441055637967
1765,1123.349992534653
1766,1211.1449615463728
1767,1194.2391335739903
1768,1217.8092463981047
1769,1156.7433063325961
1770,1184.1625151979958
1771,1227.0265132939378
1772,1136.6981913057816
1773,1207.3428751874112
1774,1345.3894199276415
1775,1253.3440667310056
1776,1242.076038439847
1777,1110.0760544067593
1778,1248.736388240663
1779,1271.3531081990802
1780,1100.6540154132201
1781,1132.980389035672
1782,1217.9811377383949
1783,1131.9260861873963
1784,1179.9164063867802
1785,1283.4029233720612
1786,1304.9230190150545
1787,1235.7602542826455
1788,1152.0226652492627
1789,992.3118905532153
1790,1247.5888195563791
1791,1193.571575972584
1792,1185.1066428728484
1793,1195.3424778045737
1794,1289.8856396409535
1795,1184.2558155380557
1796,1278.6723006578197
1797,1216.9287551529164
1798,1107.2579141596893
1799,1173.4056113761276
1800,1245.726559914997
1801,1289.111012870918
1802,1085.4473120430596
1803,1261.2672952739777
1804,1226.7459435665728
1805,1225.6223802453792
1806,1275.8285462093731
1807,1241.099443080675
1808,1193.3585632677966
1809,1351.844667325231
1810,1129.861677553195
1811,1289.5128594824296
1812,1207.912259671608
1813,1085.7674396527334
1814,1171.7842701269478
1815,1323.1973138943217
1816,1193.580459244639
1817,1197.9553397879142
1818,1165.3192323731696
1819,1249.9534995660017
1820,1260.6458898245623
1821,1161.6505730272065
1822,1216.746905550649
1823,1233.8344654095313
1824,1277.084533565357
1825,1186.601198257609
1826,1243.4974262875678
1827,1191.0653908536037
1828,1270.7428036097535
1829,1088.890872369669
1830,1318.1194799796144
1831,1199.8416149949617
1832,1188.2236750697186
1833,1299.8554211812134
1834,1257.7160237155065
1835,1257.3396051048974
1836,1145.4319555450045
1837,1276.971984873511
1838,1209.5701303019448
1839,1297.2640082968348
1840,1166.73331809602
1841,1258.5699272187567
1842,1258.0828194242308
1843,1229.617245793727
1844,1346.8878245129854
1845,1228.1516355901035
1846,1135.2077957396682
1847,1231.3881268259547
1848,1165.9324106400516
1849,1186.5919465127695
1850,1358.8446536935326
1851,1128.890801474224
1852,1161.8915162045812
1853,1311.7269909819042
1854,1220.5131767481666
1855,1125.4819148872457
1856,1176.9734273850272
1857,1196.9228193412655
1858,1014.7166902194424
1859,1231.8041125691043
1860,1267.048233705883
1861,1257.0072164257338
1862,1143.421997697308
1863,1192.9355180831053
1864,1144.042898354172
1865,1151.2901460278167
1866,1240.092235543317
1867,1386.5902513476606
1868,1152.6457138743178
1869,1150.2409132373832
1870,1274.0489136598376
1871,1147.8871375056028
1872,1117.4707321162034
1873,1154.6546205211014
1874,1184.7834617352698
1875,1205.4347756533396
1876,1207.9957534938208
1877,1213.8045509133608
1878,1278.5226934408768
1879,1322.2106743733887
1880,1096.0734546370143
1881,1115.3585880610153
1882,1168.7830513369306
1883,1184.5441077801634
1884,1164.6454319880163
1885,1294.9059376324099
1886,1249.15445844454
1887,1230.9559079004239
1888,1190.5437227854293
1889,1258.3443344759942
1890,1118.7585209553213
1891,1272.5266941519692
1892,1361.7615010091322
1893,1319.4007788627698
1894,1111.2495000471079
1895,1286.833460385483
1896,1253.5732814681724
1897,1194.7491044195936
1898,1117.1191300690793
1899,1308.077442864354
1900,1150.0796822254615
1901,1259.5540666840623
1902,1296.9752198341882
1903,1156.5589481724942
1904,1228.127831828775
1905,1322.281735995517
1906,1233.2937563893624
1907,1180.686599912739
1908,1203.5759919699449
1909,1269.8848570787081
1910,1292.95119485046
1911,1232.9868840198887
1912,1133.8549022751272
1913,1244.4577472231954
1914,1159.2217798369945
1915,1311.5554540881735
1916,1198.6351001002422
1917,1134.6421245524778
1918,1253.403510860509
1919,1322.3128591018215
1920,1222.2212217041504
1921,1131.1843734173015
1922,1130.9283688505702
1923,1314.8941971154545
1924,1126.9665406987974
1925,1227.281402079584
1926,1290.4335211241475
1927,1304.0965254534153
1928,1217.3472343938072
1929,1267.2488277752843
1930,1199.7035130714612
1931,1347.8294454748082
1932,1236.983737197332
1933,1173.8857355197085
1934,1205.864392941801
1935,1195.7162013257503
1936,1171.9007572682626
1937,1238.446075368203
1938,1372.3464967456089
1939,1240.0815386978327
1940,1314.082262448108
1941,1298.2241804629753
1942,1309.2626871312689
1943,1241.6099748333188
1944,1300.8387129583825
1945,1185.6603875999363
1946,1065.8650853056652
1947,1328.9477463893452
1948,1159.9302038359963
1949,1235.5433002919078
1950,1183.0489756957036
1951,1226.2400912694152
1952,1249.512816846906
1953,1198.6807575773223
1954,1173.4395769558532
1955,1273.9072563778532
1956,1140.5661538682025
1957,1132.4305767069966
1958,1383.0255758957676
1959,1223.3279648966434
1960,1278.1428240506891
1961,1276.8151880746984
1962,1283.297517853806
1963,1153.8005122680981
1964,1217.8533939775984
1965,1207.749056092242
1966,1182.7147104567407
1967,1195.7746593539982
1968,1327.2268612927996
1969,1249.548465584653
1970,1245.4737407577604
1971,1302.245431900783
1972,1321.7721911755211
1973,1217.7790039757997
1974,1308.1939356445387
1975,1214.4129173608171
1976,1376.6785097506554
1977,1184.9822599252236
1978,1180.5479005955515
1979,1212.7392903549523
1980,1316.484710675368
1981,1353.755032840617
1982,1157.5317579451869
1983,1288.9361503824048
1984,1296.661550814112
1985,1082.7617795646456
1986,1239.88543398372
1987,1219.48412782626
1988,1227.5761081498492
1989,1195.7554894694526
1990,1184.9607650094558
1991,1412.2079408747568
1992,1134.368034790849
1993,1272.0685520657742
1994,1091.190019956168
1995,1179.434974801661
1996,1326.743649395607
1997,1298.8948233169867
1998,1100.9319281107062
1999,1194.958837965143
2000,1191.3201794503266
